<?xml version="1.0"?>
<!DOCTYPE service-builder PUBLIC "-//Liferay//DTD Service Builder 7.4.0//EN" "http://www.liferay.com/dtd/liferay-service-builder_7_4_0.dtd">

<service-builder dependency-injector="ds" package-path="com.demo.crud">
	<namespace>Sports</namespace>
	<!--<entity data-source="sampleDataSource" local-service="true" name="Foo" remote-service="false" session-factory="sampleSessionFactory" table="foo" tx-manager="sampleTransactionManager uuid="true"">-->
	<entity local-service="true" name="Sports" remote-service="true" uuid="true">

		<!-- PK fields -->

		<column name="sportsId" primary="true" type="long" />
		
		<column name="sportsName" type="String" />
		<column name="description" type="String" />
		
		<finder name="sportsName" return-type="Collection">
		<finder-column name="sportsName"></finder-column>
		</finder>
	</entity>
</service-builder>