<?xml version="1.0"?>
<!DOCTYPE hibernate-mapping PUBLIC "-//Hibernate/Hibernate Mapping DTD 3.0//EN" "http://www.hibernate.org/dtd/hibernate-mapping-3.0.dtd">

<hibernate-mapping auto-import="false" default-lazy="false">
	<import class="com.demo.crud.model.Sports" />
	<class name="com.demo.crud.model.impl.SportsImpl" table="Sports_Sports">
		<id access="com.liferay.portal.dao.orm.hibernate.MethodPropertyAccessor" name="sportsId" type="long">
			<generator class="assigned" />
		</id>
		<property access="com.liferay.portal.dao.orm.hibernate.MethodPropertyAccessor" column="uuid_" name="uuid" type="com.liferay.portal.dao.orm.hibernate.StringType" />
		<property access="com.liferay.portal.dao.orm.hibernate.MethodPropertyAccessor" name="sportsName" type="com.liferay.portal.dao.orm.hibernate.StringType" />
		<property access="com.liferay.portal.dao.orm.hibernate.MethodPropertyAccessor" name="description" type="com.liferay.portal.dao.orm.hibernate.StringType" />
	</class>
</hibernate-mapping>